branch_id,city,latitude,longitude,population_density,avg_income,median_age,monthly_transactions,foot_traffic,atm_usage,mobile_app_users,monthly_revenue,operational_cost,real_estate_cost,profit,roi,efficiency_score,competitor_count,competitor_distance,performance_category,efficiency_category,market_position,profitability_index,optimization_score,last_updated,year,month
BR_0001,San Antonio,29.369076551083605,-98.44205669275496,3920.4859013365694,85732.2634254514,42.83331011414364,2399,3944,8006,2400,342899.8128269838,34872.02632974254,37489.94475200711,270537.8417452341,775.8018968759808,9.833091131114532,7,0.10381595262097021,Excellent,Very High,Highly Competitive,775.8018968759808,0.7459199999999999,2025-07-31 10:44:16.389976,2025,7
BR_0002,New York,40.7369962271566,-74.19732802446578,2216.530591346367,59754.47691683356,49.474115788895176,2952,2691,8594,5907,403329.18262685614,59942.911877712955,28140.54972861252,315245.7210205307,525.9099218664091,6.728555053342608,4,0.3276070223279889,Excellent,Very High,Competitive,525.9099218664091,0.7692133333333333,2025-07-31 10:44:16.389976,2025,7
BR_0003,Phoenix,33.41906008536413,-112.07698385693597,4716.788602855779,82879.49851687084,40.41666010159665,1223,2231,6338,8452,324498.4960021794,170809.10955382875,12801.409407849744,140887.9770405009,82.4827068114312,1.89977277470624,3,0.9929568301615055,Excellent,Medium,Competitive,82.4827068114312,0.7130459162059359,2025-07-31 10:44:16.389976,2025,7
BR_0004,Philadelphia,40.23043130415524,-75.04583602757177,1005.7868320750825,117414.69335998748,56.00531293444458,14152,7211,12762,11124,89821.62592336378,59297.00092335041,7035.2280009742135,23489.39699903916,39.61312820761789,1.514775191404211,2,2.004518719478462,Excellent,Medium,Low Competition,39.61312820761789,0.7586013043715748,2025-07-31 10:44:16.389976,2025,7
BR_0005,Phoenix,33.49448163001486,-112.06540765283691,3074.467813664755,58459.93047191619,36.850940228163296,3313,617,9621,5222,182069.67862311716,27463.96897513978,13947.908183996233,140657.80146398113,512.1539482924109,6.629401554739796,5,3.971860148602908,Excellent,Very High,Competitive,512.1539482924109,0.70156,2025-07-31 10:44:16.389976,2025,7
BR_0006,Los Angeles,33.96827824767774,-118.27462123758512,4329.206786790408,87980.34078034242,38.23592099410597,1889,2832,7853,8971,336900.8621098459,180262.22995085715,26249.67163228772,130388.96052670105,72.33293439354851,1.8689487098971946,0,3.594899457392676,Excellent,Medium,Low Competition,72.33293439354851,0.8364356398179126,2025-07-31 10:44:16.389976,2025,7
BR_0007,Los Angeles,33.97422981193401,-118.32808963603439,298.1245887383136,95406.34562329193,29.435632832473253,7150,2012,18123,6124,303474.0073893727,146715.3151245723,11269.915448264406,145488.77681653597,99.16400117670408,2.0684548653404073,4,2.7452213473781986,Excellent,High,Competitive,99.16400117670408,0.6954282298010611,2025-07-31 10:44:16.389976,2025,7
BR_0008,Phoenix,33.42718385782884,-112.11668687940397,889.9843075446216,114024.30044911872,57.32481518257668,9867,7035,16466,2889,451651.54932049,119384.89233523888,41334.80698238281,290931.85000286833,243.69235027319607,3.783154974519132,7,1.6582170273621333,Excellent,Very High,Competitive,243.69235027319607,0.7871333333333332,2025-07-31 10:44:16.389976,2025,7
BR_0009,New York,40.5778610026767,-74.10790727853681,906.8136804004145,80397.60064691256,44.393198854359326,10694,2520,6394,2684,148443.8988078816,122667.85035303471,23172.627697611835,2603.4207572350606,2.122333398476037,1.2101288021324588,0,1.344185528278289,Average,Low,Competitive,2.122333398476037,0.43043132084101043,2025-07-31 10:44:16.389976,2025,7
BR_0010,San Antonio,29.232222878470097,-98.49625138754492,1495.7184224495913,38135.390525135284,49.382573359195874,8037,886,7015,10972,157802.8508001376,50356.602615964046,27025.374212490337,80420.8739716832,159.70273964865967,3.133707251928686,7,1.2860708304063522,Excellent,Very High,Competitive,159.70273964865967,0.7051466666666666,2025-07-31 10:44:16.389976,2025,7
BR_0011,Chicago,41.74591230493666,-87.69662466991325,4035.3848062614898,74975.55392791326,64.33692563579372,6583,6623,16370,2488,278689.4495333234,146767.24118840432,43626.146216617395,88296.06212830168,60.16060628608294,1.89885322689667,2,1.1791811330711868,Excellent,Medium,Competitive,60.16060628608294,0.8114679840345006,2025-07-31 10:44:16.389976,2025,7
BR_0012,San Antonio,29.48900867326291,-98.61588735366753,954.3955021244581,93729.7077387096,40.469413852021496,14114,1531,8139,2070,466112.12822535326,178534.3868416717,16607.373247182004,270970.36813649954,151.77488938128326,2.610769479600095,5,4.104388780985958,Excellent,Very High,Competitive,151.77488938128326,0.7137466666666666,2025-07-31 10:44:16.389976,2025,7
BR_0013,Houston,29.766682459973318,-95.31964036346538,4424.918081627765,51040.10420901725,36.15485410368727,10805,6849,17413,5330,449496.5444424319,173912.47853431472,47103.57473994264,228480.4911681745,131.37670918944033,2.5846135264741315,6,3.3780424480997207,Excellent,Very High,Competitive,131.37670918944033,0.7846533333333333,2025-07-31 10:44:16.389976,2025,7
BR_0014,San Diego,32.745007247329866,-117.23253514180264,124.80176084647157,48668.68437048739,46.949351574663446,10686,5389,6036,8776,156762.08937356004,81944.94717787186,38592.113230311086,36225.028965377096,44.20654379915103,1.9130171508108746,5,4.261194711421472,Excellent,Medium,Competitive,44.20654379915103,0.677139239288298,2025-07-31 10:44:16.389976,2025,7
BR_0015,New York,40.776224029626434,-73.69989047856217,3218.0298291108875,56289.254581474655,48.594833902421755,14704,4150,18309,5665,207535.28346260407,137893.08835534885,35101.58268483948,34540.61242241574,25.048835176861793,1.5050448571271977,6,1.227907814383621,Good,Medium,Competitive,25.048835176861793,0.47981407665064074,2025-07-31 10:44:16.389976,2025,7
BR_0016,Houston,29.764598006447002,-95.38352718170978,967.8423290945399,114938.97966999772,63.157143080103495,13808,3276,2278,11197,242682.86674279143,194164.59333264217,48362.89896901638,155.37444113288802,0.08002202588331901,1.2498821879797,6,1.54279957114097,Average,Low,Competitive,0.08002202588331901,0.23013583773735488,2025-07-31 10:44:16.389976,2025,7
BR_0017,San Antonio,29.41297960001897,-98.66850694341716,1926.1656487608416,68548.77467880514,58.768525629052455,14020,1028,5760,8316,211391.05158327374,69478.63858720427,18288.076478852243,123624.33651721722,177.9314319206952,3.0425330127612082,2,4.2584819951309045,Excellent,Very High,Low Competition,177.9314319206952,0.82704,2025-07-31 10:44:16.389976,2025,7
BR_0018,Philadelphia,39.81483306320429,-75.2589825039915,4065.8696618447166,103859.63854773037,59.68289274320415,13785,4335,11027,9740,342483.76884999435,147844.2035200981,40810.67012462455,153828.89520527172,104.0479718126792,2.3165180689917055,7,1.7561762685725257,Excellent,High,Competitive,104.0479718126792,0.7236110436820892,2025-07-31 10:44:16.389976,2025,7
BR_0019,Los Angeles,34.241154765612656,-118.31128047342214,1707.9480706261866,48178.53742185826,64.27363553242125,12745,6953,6504,1234,186469.48160295028,118989.4247594147,19699.30588082184,47780.75096271374,40.155460083382934,1.5671096988658768,6,1.4305602875167354,Excellent,Medium,Competitive,40.155460083382934,0.6461064548298815,2025-07-31 10:44:16.389976,2025,7
BR_0020,San Antonio,29.663003595739244,-98.30925862416795,3223.4065173412123,96717.76336642622,64.03408317850139,8228,2922,16313,3833,247537.13931753626,38729.86673489654,6140.783453695588,202666.48912894411,523.2821752684647,6.391375963462827,7,4.196302590509808,Excellent,Very High,Competitive,523.2821752684647,0.7322933333333332,2025-07-31 10:44:16.389976,2025,7
BR_0021,Phoenix,33.29351713201759,-112.1083129064104,559.9791213983297,50543.60975412112,62.38455989358839,9935,4375,13828,5679,378517.69245281833,33350.322346038534,30471.674472233433,314695.69563454634,943.6061587930258,11.34974614414124,1,0.6888067742476467,Excellent,Very High,Competitive,943.6061587930258,0.9116666666666666,2025-07-31 10:44:16.389976,2025,7
BR_0022,Houston,29.804781942814625,-95.29233659465706,2423.4517625278936,43315.903655335125,44.66463500467329,7628,1799,9809,5263,327132.5441234974,136141.38890183766,7038.680439742004,183952.47478191773,135.11869995285076,2.4028882528837023,2,3.1667135869997587,Excellent,High,Low Competition,135.11869995285076,0.8227532379325554,2025-07-31 10:44:16.389976,2025,7
BR_0023,New York,40.906154262943,-73.96461251627493,3117.6707055105776,115230.78638766435,62.77006388500669,13140,5273,16417,8384,308015.16875237,47487.561815934285,41504.187953120134,219023.41898331558,461.22270886904755,6.486228329562639,6,3.167104383497707,Excellent,Very High,Competitive,461.22270886904755,0.76364,2025-07-31 10:44:16.389976,2025,7
BR_0024,San Diego,32.667056723394765,-117.14034017387144,1662.9805884394304,106814.40143240364,25.930877429433036,12402,2613,4126,8603,333024.2810509478,178557.60236723427,38078.19697117486,116388.48171253866,65.18259663521121,1.8650803809855507,6,1.481969405599402,Excellent,Medium,Competitive,65.18259663521121,0.632935390481166,2025-07-31 10:44:16.389976,2025,7
BR_0025,New York,40.899842389781554,-73.8371982967631,3685.074000968237,45853.627000909575,35.00065796864419,9127,7003,12113,3472,355930.1509551106,154484.03307829052,15720.626858179075,185725.491018641,120.22309834733387,2.303993130310948,3,2.718204620299761,Excellent,High,Competitive,120.22309834733387,0.8373056362133089,2025-07-31 10:44:16.389976,2025,7
BR_0026,New York,40.7809952971295,-74.03702667565935,2007.0882257973992,35921.20037582536,61.21527905677055,2278,2894,19101,11446,308047.04965547874,135571.5121297149,25180.04848902439,147295.48903673945,108.64781746758645,2.2722107677071506,2,1.7104562723125885,Excellent,High,Competitive,108.64781746758645,0.8177516151560725,2025-07-31 10:44:16.389976,2025,7
BR_0027,Houston,29.94176665758789,-95.32934171048825,4846.394525473261,93482.55086487831,58.47855496949495,13136,6788,9669,3292,228493.22087941333,181081.9590359359,11597.216976141146,35814.044867336284,19.77780948362114,1.2618221168795098,4,1.2428175548801865,Good,Low,Competitive,19.77780948362114,0.4763357934008957,2025-07-31 10:44:16.389976,2025,7
BR_0028,Phoenix,33.56383543384089,-112.12173817305754,4741.518029180907,118810.09042494402,55.13512741035767,6267,1126,15988,7054,240899.90416113933,183612.0173915788,10003.88670377681,47284.00006578374,25.752127087054365,1.3120051050219985,3,0.15563285936035345,Good,Low,Competitive,25.752127087054365,0.4961644491164014,2025-07-31 10:44:16.389976,2025,7
BR_0029,Los Angeles,34.13739444675647,-118.16686605456951,4131.672724195796,98257.99084018033,52.241577083876365,4325,3501,10598,1728,287766.55458374415,101358.7705311473,41094.91620620304,145312.86784639378,143.36486826439898,2.839088843281837,7,2.8244246893486644,Excellent,Very High,Competitive,143.36486826439898,0.7400133333333333,2025-07-31 10:44:16.389976,2025,7
BR_0030,San Diego,32.73810924818104,-117.15984075992182,461.6031672034544,82077.61417411227,63.77210142476396,8323,5220,14523,5890,332401.1360378286,127255.00458654253,45552.11047209451,159594.02097919153,125.41276588509818,2.6120869439894756,0,1.4767196290019287,Excellent,Very High,Competitive,125.41276588509818,0.9629333333333332,2025-07-31 10:44:16.389976,2025,7
BR_0031,San Diego,32.6281438211968,-117.18458483335894,1744.7343175051196,49422.79183112307,50.87393446674895,6435,2220,6786,4835,166977.4382844182,104317.14819504543,6454.217799934271,56206.072289438496,53.87999313818283,1.600671041852243,2,2.114912932273713,Excellent,Medium,Low Competition,53.87999313818283,0.7080339896111698,2025-07-31 10:44:16.389976,2025,7
BR_0032,San Diego,32.789896301652945,-117.01343413745704,2149.3908778240325,114281.92108509113,59.642555580016335,1633,697,8776,9878,494274.258191725,51322.95594311743,31735.88219084608,411215.4200577615,801.2309745243869,9.630666221554778,3,4.852580549291556,Excellent,Very High,Competitive,801.2309745243869,0.7826266666666667,2025-07-31 10:44:16.389976,2025,7
BR_0033,Phoenix,33.47026830922761,-112.12243756919693,2718.296747644369,98742.4137049476,61.526630090305716,9192,5945,15627,5031,158488.17454833433,60882.93248864186,16314.909778030931,81290.33228166154,133.5190815534827,2.6031626281782896,2,1.115415480139477,Excellent,Very High,Competitive,133.5190815534827,0.8926,2025-07-31 10:44:16.389976,2025,7
BR_0034,San Diego,32.562288582926435,-117.03333231781015,656.4322017781822,92083.72162538796,45.812308036151734,11812,4401,17339,6981,302422.08719092386,178414.3804652104,23156.728979557865,100850.97774615561,56.52626065409614,1.695054436768869,1,0.24103511393536098,Excellent,Medium,Competitive,56.52626065409614,0.7912714988486638,2025-07-31 10:44:16.389976,2025,7
BR_0035,Phoenix,33.56336230788331,-112.0214788287309,4525.440187515469,87467.41552826982,64.21850900369512,9513,5274,11986,1819,376878.6646926027,120803.10370734452,25290.9701337247,230784.5908515335,191.04193830203914,3.1197763395684133,7,1.5600013125555574,Excellent,Very High,Competitive,191.04193830203914,0.7636533333333333,2025-07-31 10:44:16.389976,2025,7
BR_0036,New York,40.711328174136504,-73.92635945703037,1365.397502664896,74026.53928025221,64.20130301141909,7896,2965,13401,3489,84138.49764889877,47553.95133436361,10762.062753099759,25822.4835614354,54.301446750178805,1.769327159741157,1,0.7802531459821097,Excellent,Medium,Competitive,54.301446750178805,0.7832657406278403,2025-07-31 10:44:16.389976,2025,7
BR_0037,San Diego,32.64045532996731,-116.99372518406086,4384.156263786644,78795.06466345792,63.924413970804174,9427,2178,16792,4664,206428.64651720758,30565.8192599039,29692.18891433339,146170.6383429703,478.2160003632432,6.753578065810254,4,1.8443582729327321,Excellent,Very High,Competitive,478.2160003632432,0.7623733333333333,2025-07-31 10:44:16.389976,2025,7
BR_0038,New York,40.90927251329164,-74.00247364480283,292.6294852213848,102949.88390726862,50.11601557963631,2144,7051,18575,1484,174594.94166624168,166085.22396378574,38671.68606726463,-30161.968364808694,-18.160536888811613,1.0512370546841148,1,1.1258116843498807,Poor,Low,Competitive,-18.160536888811613,0.3300322248692839,2025-07-31 10:44:16.389976,2025,7
BR_0039,Philadelphia,40.02947274921473,-75.24323433540577,2703.202194470317,96243.86521827451,27.493654500449658,3068,1498,14368,10257,387327.3044038643,30332.62672837898,44024.674148362545,312970.0035271228,1031.7932776798075,12.769329470615341,2,2.0461027792700044,Excellent,Very High,Low Competition,1031.7932776798075,0.8333066666666666,2025-07-31 10:44:16.389976,2025,7
BR_0040,San Antonio,29.40540948774396,-98.49837908773735,1678.1879113575735,52973.08059470629,38.09989408711658,2676,7178,12684,8405,405127.05737330223,112227.38481258502,8911.412963934066,283988.25959678314,253.04720418374848,3.6098770193197254,4,2.975521478302308,Excellent,Very High,Competitive,253.04720418374848,0.82904,2025-07-31 10:44:16.389976,2025,7
BR_0041,New York,40.512043197863726,-73.89925438277652,1753.4894859723986,111470.02875732604,49.302208891742914,4420,4236,7946,11257,53390.463410333636,64433.23959969244,21441.056885332593,-32483.833074691396,-50.41471339405764,0.8286167782659261,3,4.269005837397117,Poor,Low,Competitive,-50.41471339405764,0.17910585007322227,2025-07-31 10:44:16.389976,2025,7
BR_0042,Philadelphia,39.95745216279448,-75.2482950116411,2110.9444522493413,118502.18243723155,29.481556086722094,6569,7771,17579,9951,166056.27217022292,54905.32779326152,35088.944896599394,76061.999480362,138.5330031481882,3.0244109059048885,7,2.8281381757682564,Excellent,Very High,Competitive,138.5330031481882,0.7969466666666667,2025-07-31 10:44:16.389976,2025,7
BR_0043,Chicago,41.835020761207744,-87.58034333978576,4843.170925870748,95430.96070112361,32.98027709353279,11307,4473,14730,9399,89280.58081535395,113568.19236288573,46940.64540156203,-71228.2569490938,-62.71849139017495,0.7861407226600446,2,3.0100271780337047,Poor,Low,Low Competition,-62.71849139017495,0.21589444173234001,2025-07-31 10:44:16.389976,2025,7
BR_0044,San Diego,32.65550313211036,-117.08507489053648,3439.3633388972535,99619.36809062335,48.82554962431377,7602,3588,8279,11210,423778.7335044781,193879.7093666397,10593.375056849512,219305.64908098892,113.11428606810372,2.185781765863305,5,4.697868238423085,Excellent,High,Competitive,113.11428606810372,0.694040598212829,2025-07-31 10:44:16.389976,2025,7
BR_0045,Chicago,41.89645118230878,-87.59448423767773,335.66375542402966,101428.73094887027,58.117635487099676,11507,6496,16852,2887,156061.28572924988,135907.748651031,45853.97587081322,-25700.438792594337,-18.910208614068875,1.1482883594074311,2,2.982702711395778,Poor,Low,Low Competition,-18.910208614068875,0.2971899205777813,2025-07-31 10:44:16.389976,2025,7
BR_0046,San Diego,32.511887546482214,-117.26190863109174,2367.1309497810716,60617.11930395207,54.904375207050045,8038,2241,18192,5099,294598.78750129486,183632.61941879572,33090.709816129645,77875.4582663695,42.408292444364356,1.6042835332508534,0,4.705177405706028,Excellent,Medium,Low Competition,42.408292444364356,0.7888558633209612,2025-07-31 10:44:16.389976,2025,7
BR_0047,San Diego,32.627512110495594,-117.10983950276238,4405.282665329847,77111.00824433708,54.65843644556182,9024,7982,15543,8718,400357.372572838,50047.39747098218,14204.506692625848,336105.46840922994,671.5743183331485,7.999564269150417,5,2.5205092869412273,Excellent,Very High,Competitive,671.5743183331485,0.79976,2025-07-31 10:44:16.389976,2025,7
BR_0048,Philadelphia,40.081297496384956,-75.20966375582456,834.5953940089915,54486.368594774525,53.89010273572265,11080,5308,14491,6878,163309.57650812872,85496.7988631859,13171.897256064156,64640.880388878664,75.60619958686243,1.9101250418680675,7,2.9586197943539907,Excellent,Medium,Competitive,75.60619958686243,0.6756254229468768,2025-07-31 10:44:16.389976,2025,7
BR_0049,San Antonio,29.505468857595666,-98.64371644483431,4568.076803330527,46824.87650216026,29.03178412063546,4584,5945,12673,1944,463437.7350173359,163264.81149671518,6036.017215443688,294136.906305177,180.1594009197107,2.838564726647543,5,3.8791086757467164,Excellent,Very High,Competitive,180.1594009197107,0.7726,2025-07-31 10:44:16.389976,2025,7
BR_0050,New York,40.872118662663944,-74.05712156764312,4678.398372368173,113673.32359707599,43.03357485616529,2585,7886,17100,2196,464378.84717781754,177231.86336087246,28347.712570673244,258799.27124627188,146.02299289677677,2.6201769725360715,4,2.0551132489636386,Excellent,Very High,Competitive,146.02299289677677,0.83848,2025-07-31 10:44:16.389976,2025,7
BR_0051,New York,40.77442158169681,-74.06904126240296,3058.235505477681,44712.72050473346,41.58018336814511,13089,7422,10382,6185,463304.6262226855,127736.93922389926,6478.100160954726,329089.5868378315,257.6307126484362,3.6270215102821437,7,1.3163095695100444,Excellent,Very High,Competitive,257.6307126484362,0.7922933333333333,2025-07-31 10:44:16.389976,2025,7
BR_0052,Houston,29.84084391101109,-95.38552138933645,1875.7301056715023,84350.00977363369,50.29057151678121,1183,5476,5204,11563,116898.22748890083,97559.22165222916,8840.735063538974,10498.270773132695,10.76092100299451,1.1982283735884007,7,2.560755550623089,Average,Low,Competitive,10.76092100299451,0.3371682907288828,2025-07-31 10:44:16.389976,2025,7
BR_0053,Phoenix,33.312129639646,-112.2651253679894,4018.93190816392,64697.894919193306,43.72927313765517,9749,3332,17058,7379,182320.1056494372,149960.35996321996,28744.147856515363,3615.5978297018773,2.411035710096093,1.21578866371189,4,2.4573309470991713,Average,Low,Competitive,2.411035710096093,0.28441658523755226,2025-07-31 10:44:16.389976,2025,7
BR_0054,Chicago,41.84383124059197,-87.66694408659959,4322.749542966235,115419.81428135878,39.93237265119012,4790,5329,9357,1084,120268.66881478566,150295.14004829456,34651.577385956814,-64678.04861946571,-43.03402531757355,0.8002166189548082,0,1.1876635934714523,Poor,Low,Competitive,-43.03402531757355,0.3094191595098879,2025-07-31 10:44:16.389976,2025,7
BR_0055,Chicago,42.13523723596888,-87.61489946330997,1762.4291048913358,83402.69900989754,60.49841930054012,8794,5906,16495,11873,321438.8309796408,166198.77606845254,48319.21933496936,106920.83557621893,64.33310647978617,1.9340625640182172,7,0.7913010590107965,Excellent,Medium,Highly Competitive,64.33310647978617,0.6871893846027326,2025-07-31 10:44:16.389976,2025,7
BR_0056,San Antonio,29.25712208279316,-98.31713130657373,4474.091384277177,104482.70274776747,38.67269406791504,4631,3347,12625,3802,330867.0085321103,96647.03913346707,29842.12313833911,204377.84626030413,211.46829545193162,3.423457267792669,3,1.5428822217553968,Excellent,Very High,Competitive,211.46829545193162,0.81796,2025-07-31 10:44:16.389976,2025,7
BR_0057,Philadelphia,39.91709676723532,-75.13945267654174,2872.305437836146,118756.22154054744,43.84261810775257,3549,4135,11224,9106,364480.633922407,95446.2576294716,14811.039837233891,254223.3364557015,266.3523356176127,3.8187001038568096,5,2.1663492793110812,Excellent,Very High,Competitive,266.3523356176127,0.7484666666666666,2025-07-31 10:44:16.389976,2025,7
BR_0058,Phoenix,33.394424031969066,-112.15183047254023,190.11431508258698,112715.39855764242,29.710043315605645,9071,2555,11975,8095,423383.81166824076,61123.72255810556,5494.812289631622,356765.2768205036,583.677272733765,6.926669285656853,1,4.510091345055715,Excellent,Very High,Low Competition,583.677272733765,0.8874,2025-07-31 10:44:16.389976,2025,7
BR_0059,San Diego,32.786862265047084,-117.29437444707884,2521.9418656775297,83730.02214524907,58.524278527131834,6661,6281,9596,4763,481382.22979094926,57264.91111881856,9065.163225992354,415052.15544613835,724.7931540222764,8.406233771884018,6,0.4344235562350488,Excellent,Very High,Highly Competitive,724.7931540222764,0.77708,2025-07-31 10:44:16.389976,2025,7
BR_0060,Chicago,42.01223119197002,-87.71817777888643,1555.8964065535577,83144.39442523627,44.04201608796399,10291,7526,15186,3207,64032.4107775781,70896.20775246939,31778.50688151147,-38642.30385640275,-54.50545957453811,0.9031852733385135,0,2.5321946112860583,Poor,Low,Low Competition,-54.50545957453811,0.35415779100077704,2025-07-31 10:44:16.389976,2025,7
BR_0061,Los Angeles,34.00418774102037,-118.01385311382651,1787.4802870167427,64880.9136964086,41.51174202427009,10868,4987,10274,1650,84994.40483553069,25409.393359511196,48546.47246931889,11038.539006700601,43.44274910667505,3.3449993721993265,0,0.6051593554673499,Excellent,Very High,Competitive,43.44274910667505,0.9598266666666666,2025-07-31 10:44:16.389976,2025,7
BR_0062,Chicago,41.87065665709,-87.56773279024493,1007.1513513092362,81061.58052716043,59.91783343505633,11251,6549,13858,8553,432138.0432043937,68691.90155035755,27024.123363941322,336422.0182900948,489.7549939616479,6.2909605565016475,1,4.93957323918357,Excellent,Very High,Low Competition,489.7549939616479,0.9406533333333333,2025-07-31 10:44:16.389976,2025,7
BR_0063,San Antonio,29.434447776531318,-98.54704066860234,4996.832147872591,82243.55942216027,43.92840472325334,5379,1403,15158,2957,101876.90956127796,98808.4654528397,40790.382708159384,-37721.938599721114,-38.176828702724286,1.031054465772498,5,0.3689248117677272,Poor,Low,Highly Competitive,-38.176828702724286,0.0916981698658747,2025-07-31 10:44:16.389976,2025,7
BR_0064,Chicago,41.73758400776356,-87.57969666564827,690.7777403086661,41541.022138482775,52.85155103512559,5758,5935,3176,4331,292771.0815689018,163376.55384681863,19343.862631943146,110050.66509014,67.36013369049465,1.792001818347834,5,4.441290966357317,Excellent,Medium,Competitive,67.36013369049465,0.6662669394188417,2025-07-31 10:44:16.389976,2025,7
BR_0065,Philadelphia,39.84318958995015,-75.40236156647654,4952.672435374708,35020.18950395019,32.4189163830689,6375,7494,3260,906,73707.72618975287,40495.09685738318,6691.854794281739,26520.77453808795,65.49132264454039,1.8201642151724913,3,2.945710315413906,Excellent,Medium,Competitive,65.49132264454039,0.7712779656092071,2025-07-31 10:44:16.389976,2025,7
BR_0066,New York,40.668249747859925,-73.86066155228824,2164.6493111576438,97694.49563505578,34.55108583073209,2546,3159,7170,4118,155123.48797245946,32366.30818636333,5804.327063003621,116952.85272309251,361.3413431327563,4.792745810837226,7,2.1960883553057258,Excellent,Very High,Competitive,361.3413431327563,0.7354533333333333,2025-07-31 10:44:16.389976,2025,7
BR_0067,San Diego,32.65084481439406,-117.08091426679599,2983.9157219689023,118498.09378180694,60.367959125260114,9411,7277,19805,9125,79243.88426730232,95276.5413744603,42702.158087746044,-58734.815194904026,-61.646670153633856,0.831725030360352,1,4.170148336978061,Poor,Low,Low Competition,-61.646670153633856,0.3001187545540528,2025-07-31 10:44:16.389976,2025,7
BR_0068,Chicago,41.82634663490918,-87.68969243965594,1013.5474845068471,101264.68025317402,39.005010366669204,1809,7768,17908,11190,497708.5201908959,55431.66861341028,22830.890850619642,419445.960726866,756.6901217644236,8.978775718660001,6,3.5105010284635823,Excellent,Very High,Competitive,756.6901217644236,0.7969066666666667,2025-07-31 10:44:16.389976,2025,7
BR_0069,San Diego,32.939267468698446,-117.22769384827954,3764.5708600519197,37963.538619875115,60.7968576491136,13041,3930,9041,3857,264504.5727486658,32765.916118316436,43348.70900061535,188389.94762973403,574.9570588823622,8.072552337421307,0,1.7123516903123681,Excellent,Very High,Competitive,574.9570588823622,0.9457333333333332,2025-07-31 10:44:16.389976,2025,7
BR_0070,Chicago,41.8604052772506,-87.70962972445385,1926.1737333603385,57079.07161962773,53.936804547543396,7942,1107,5963,8452,84258.88677063509,173961.2099585345,27281.593715628846,-116983.91690352827,-67.24712763920911,0.48435445344809386,3,3.0027981448316363,Poor,Low,Competitive,-67.24712763920911,0.08809333333333334,2025-07-31 10:44:16.389976,2025,7
BR_0071,San Diego,32.77016674443184,-116.95941124558131,4336.015113506008,97382.34311106465,45.850412487216595,13154,2339,4832,2596,200303.99543535704,66770.75547767806,46854.06577293824,86679.17418474074,129.81607526324638,2.9998761284394946,0,3.5250546163939798,Excellent,Very High,Low Competition,129.81607526324638,0.9245199999999999,2025-07-31 10:44:16.389976,2025,7
BR_0072,Phoenix,33.41136766314027,-112.15735589872793,3743.190455828878,48664.5911641062,57.718680964762484,12649,4306,2114,4014,327617.113269084,196707.58115479912,33431.60871575007,97477.92339853483,49.55473643988562,1.6655032375761134,2,3.206627945188096,Excellent,Medium,Low Competition,49.55473643988562,0.7455721523030836,2025-07-31 10:44:16.389976,2025,7
BR_0073,Chicago,41.83900614303348,-87.69684315670463,190.29582181726562,71740.46663086355,58.604860109648754,6490,1846,15566,9634,128189.06388840506,159899.46899467323,47628.40497153521,-79338.81007780338,-49.6179321774023,0.8016853632745675,1,3.8778230334074646,Poor,Low,Low Competition,-49.6179321774023,0.22319947115785183,2025-07-31 10:44:16.389976,2025,7
BR_0074,Philadelphia,40.07210466289248,-75.31751869047838,324.135965681313,109080.62852295199,63.939558767095875,14564,6122,4341,9292,61064.11240646068,28871.62151757452,19562.459861729356,12630.031027156801,43.745485578178354,2.115021921068416,3,3.874996347258187,Excellent,High,Competitive,43.745485578178354,0.7972132881602624,2025-07-31 10:44:16.389976,2025,7
BR_0075,Los Angeles,34.04090082181319,-118.3661935050189,4727.087811293366,43686.45767396611,59.16839097846264,8378,6694,7370,10207,397770.25100756204,65259.39453050093,10910.080688422013,321600.7757886391,492.80379951782936,6.095218226728294,6,4.819859601856646,Excellent,Very High,Competitive,492.80379951782936,0.7825866666666667,2025-07-31 10:44:16.389976,2025,7
BR_0076,Phoenix,33.4369409699692,-112.01067324976964,3228.7771435540194,68795.52382683751,35.9686080939468,14775,3570,18093,3375,145897.11681128747,30448.46450478949,34325.00714191483,81123.64516458315,266.4293470425169,4.791608351492999,2,4.335355424214222,Excellent,Very High,Low Competition,266.4293470425169,0.8609333333333333,2025-07-31 10:44:16.389976,2025,7
BR_0077,San Diego,32.67380798807515,-117.20927732629849,546.7060029903392,48060.93324369458,43.147745384211305,8424,633,16342,4094,460326.21573195996,194314.4711324111,13345.649360449444,252666.09523909944,130.02947941377252,2.3689754707886954,3,0.10603599231548685,Excellent,High,Competitive,130.02947941377252,0.7621196539516376,2025-07-31 10:44:16.389976,2025,7
BR_0078,Philadelphia,39.88496076979407,-74.98510595670892,1082.5711608316499,76785.53647302213,27.568357483005364,9147,2517,16356,4276,254849.06708681054,27033.59448391761,8260.10995075515,219555.3626521378,812.1574908684529,9.427124729507252,3,2.4517002901139056,Excellent,Very High,Competitive,812.1574908684529,0.8068933333333334,2025-07-31 10:44:16.389976,2025,7
BR_0079,San Diego,32.837215500887176,-117.08689154114762,4767.978326389713,112164.58550369441,53.97141232505648,11488,1594,3850,7194,58265.436623243004,109412.36677152853,14465.731096349087,-65612.66124463461,-59.968231362406144,0.5325306301518097,2,3.901443205385485,Poor,Low,Low Competition,-59.968231362406144,0.1394662611894381,2025-07-31 10:44:16.389976,2025,7
BR_0080,New York,40.625168133202585,-74.0022339766832,1818.0719629249857,37822.26424726616,28.143139886200828,6556,1495,12215,8522,410264.0145990873,60026.29274284177,12536.716201658139,337701.0056545874,562.5884761888094,6.83473850961772,0,3.21850822276382,Excellent,Very High,Low Competition,562.5884761888094,0.9132666666666666,2025-07-31 10:44:16.389976,2025,7
BR_0081,Philadelphia,40.12276962085334,-75.02688549991277,3103.426456841469,60401.050338671674,62.40807261197838,14262,5189,16101,7657,267979.3014083183,140643.52070236887,29885.06536663813,97450.71533931128,69.28916088892385,1.9053796440108932,4,3.940779511752424,Excellent,Medium,Competitive,69.28916088892385,0.7133269466016341,2025-07-31 10:44:16.389976,2025,7
BR_0082,San Antonio,29.597696380316524,-98.47380892165374,499.9869119498889,40129.92713919792,34.88412936040586,3233,7038,5945,11729,201603.10629699807,56870.635245522375,40536.43282141156,104196.03823006415,183.215885984442,3.5449420500867537,5,2.5411590106203814,Excellent,Very High,Competitive,183.215885984442,0.7871733333333333,2025-07-31 10:44:16.389976,2025,7
BR_0083,Los Angeles,33.92107789898249,-118.12385550471683,2758.145315024901,76928.53197662297,28.26105958209707,6645,2154,9531,3080,428203.58282462007,55483.83390119439,48235.124816913965,324484.6241065117,584.8273294962888,7.717627869537008,3,4.246601930893341,Excellent,Very High,Competitive,584.8273294962888,0.8020533333333334,2025-07-31 10:44:16.389976,2025,7
BR_0084,Houston,29.604219313860455,-95.16962628974699,3653.762536034169,76366.86002109974,59.93692952326642,13609,3662,6982,7434,460563.50552751095,61865.88307599165,33033.496260356726,365664.12619116256,591.0594143495968,7.4445475054770895,5,3.692253809834877,Excellent,Very High,Competitive,591.0594143495968,0.7421599999999999,2025-07-31 10:44:16.389976,2025,7
BR_0085,San Diego,32.88139884697048,-117.31514186718891,3199.4486128088997,66692.13416105942,45.504608208232206,6782,1018,9868,1890,232259.35958614468,128760.71997056183,31073.670470457535,72424.96914512532,56.24771992707374,1.8038060026322114,5,0.5667813889776688,Excellent,Medium,Highly Competitive,56.24771992707374,0.6024775670614984,2025-07-31 10:44:16.389976,2025,7
BR_0086,New York,40.58333185242791,-73.88991732126215,3890.018315864343,46124.26116105974,63.79284180314179,7353,2270,3322,2701,283898.27685020794,83975.55587547511,42299.751464717425,157622.9695100154,187.70101354702535,3.380725187115074,3,1.3186999356793867,Excellent,Very High,Competitive,187.70101354702535,0.8036,2025-07-31 10:44:16.389976,2025,7
BR_0087,New York,40.6385980258443,-74.13646553958074,1958.8570906198765,86470.74339981505,39.26928212160007,8469,6363,14696,5799,438897.27995337604,122674.543678926,29295.76277759956,286926.97349685046,233.8928394531628,3.577737212555642,0,4.934795603750092,Excellent,Very High,Low Competition,233.8928394531628,0.9781733333333332,2025-07-31 10:44:16.389976,2025,7
BR_0088,Phoenix,33.435308402723024,-112.17749548645321,4675.987585886734,61873.26892302379,45.289392347535696,1582,1612,19759,11609,52222.99142048433,191567.0624490668,33760.39720169752,-173104.46823028,-90.36233370040031,0.2726094494160195,6,2.32822529260591,Poor,Low,Competitive,-90.36233370040031,0.014826666666666667,2025-07-31 10:44:16.389976,2025,7
BR_0089,Los Angeles,34.09498706771904,-118.45248890346006,716.1334078525792,46280.745574638575,30.741694481575713,14157,5996,4922,2909,378873.26369189436,52328.67283863044,15555.25820006729,310989.33265319664,594.300057278762,7.240261278176348,7,1.3510019711693162,Excellent,Very High,Competitive,594.300057278762,0.77328,2025-07-31 10:44:16.389976,2025,7
BR_0090,San Antonio,29.439141890514357,-98.45710389975338,2536.156343641294,87517.01541710318,59.756199379148725,8988,727,18757,8522,354431.02359976096,62743.151669600506,34649.84616046958,257038.02576969087,409.66706155155987,5.648919669610496,3,3.2910415875033117,Excellent,Very High,Competitive,409.66706155155987,0.7830266666666666,2025-07-31 10:44:16.389976,2025,7
BR_0091,Houston,29.794642776522128,-95.48096253277387,1658.7466127287855,108647.28673984986,64.73347749434514,11533,1178,7196,2022,342730.2415062721,158908.40129726232,46655.36738963203,137166.47281937776,86.31794901943984,2.1567786140214396,3,4.516740682983377,Excellent,High,Competitive,86.31794901943984,0.7375567921032161,2025-07-31 10:44:16.389976,2025,7
BR_0092,San Antonio,29.553075652837535,-98.51973999249552,689.0243713159814,81281.57332667221,25.230346419924864,5544,3248,9131,8589,224851.1455716556,103521.38395894287,15689.485889344736,105640.27572336799,102.04681553065933,2.1720260778278693,2,1.2136211735894424,Excellent,High,Competitive,102.04681553065933,0.8074439116741804,2025-07-31 10:44:16.389976,2025,7
BR_0093,Chicago,41.9232095296583,-87.73470069225705,3820.7872068220436,77537.85127611303,46.694546599189536,14320,6853,18456,9914,99013.25383102914,51073.57479478407,28698.070877103182,19241.608159141888,37.67429289305779,1.9386395847337663,1,2.43580782770168,Excellent,Medium,Low Competition,37.67429289305779,0.841896947521194,2025-07-31 10:44:16.389976,2025,7
BR_0094,San Antonio,29.48357543416653,-98.40825844412197,4782.06611017918,36549.76952749074,32.83111942734185,1105,5356,18164,3527,467165.545158338,35546.79330067315,47049.62120624814,384569.1306514167,1081.86729362205,13.142269717743886,2,0.596962059401161,Excellent,Very High,Competitive,1081.86729362205,0.8847466666666666,2025-07-31 10:44:16.389976,2025,7
BR_0095,San Diego,32.92061789226848,-117.13328939809081,4655.0687993677475,80242.11813381841,48.23728213051191,2254,5882,9198,11739,420428.30701804714,116434.18209032071,10545.019437747473,293449.105489979,252.03003123459368,3.610866667074718,6,4.018927367577707,Excellent,Very High,Competitive,252.03003123459368,0.77176,2025-07-31 10:44:16.389976,2025,7
BR_0096,San Antonio,29.440147620699882,-98.58732280488339,1357.1576401366824,116848.78439519428,44.34182586879699,12283,4626,2781,7891,478131.50399299565,130282.06852560796,41863.49867420556,305985.9367931821,234.86419908434152,3.669971696058964,7,1.2175908825497692,Excellent,Very High,Competitive,234.86419908434152,0.7550133333333333,2025-07-31 10:44:16.389976,2025,7
BR_0097,Los Angeles,34.005905093457464,-118.35184196287454,4538.866413460026,100445.2995213927,47.26548231746869,4579,2765,15175,10333,352141.1012887765,166667.74575947732,39499.52608401827,145973.82944528092,87.58373060132443,2.112832928075722,1,2.17732958327518,Excellent,High,Low Competition,87.58373060132443,0.8321249392113583,2025-07-31 10:44:16.389976,2025,7
BR_0098,New York,40.77617768809321,-73.96462009025485,1162.0250204448007,43135.73721921375,25.945543441853456,9987,5053,11840,3397,225907.6981574816,129033.35865758028,27354.50864866262,69519.83085123869,53.87740935716132,1.750769727361586,7,0.7685547875279923,Excellent,Medium,Highly Competitive,53.87740935716132,0.6483221257709046,2025-07-31 10:44:16.389976,2025,7
BR_0099,Chicago,41.691279960004486,-87.82721374483359,3650.132571853229,36344.79280007451,38.64360097896882,12461,5024,8070,10941,397680.22735222214,71356.70326642835,34038.04268865726,292285.4813971365,409.61180662426983,5.573130612093753,4,2.065820778791015,Excellent,Very High,Competitive,409.61180662426983,0.80032,2025-07-31 10:44:16.389976,2025,7
BR_0100,Philadelphia,39.893943592043726,-75.1849535225697,2643.392975450525,40747.06790533826,57.014260312894464,4271,4550,17841,8089,289831.00394810084,81758.40679519073,19985.086087618907,188087.5110652912,230.052808558832,3.544968833286384,5,4.971282869983721,Excellent,Very High,Competitive,230.052808558832,0.754,2025-07-31 10:44:16.389976,2025,7
BR_0101,New York,40.71157217228877,-73.99465999367274,1734.490792413782,84340.37557091734,28.55069576431074,14463,5262,15587,2709,234265.03385234176,98970.59484433317,41981.289975548905,93313.14903245967,94.28371040835728,2.367016528705397,0,1.57418023093095,Excellent,High,Competitive,94.28371040835728,0.9435458126391428,2025-07-31 10:44:16.389976,2025,7
BR_0102,Chicago,41.76886872353275,-87.66144084496948,4963.169160576039,113795.0822735651,46.59828521122238,12788,4407,13224,1798,389871.6892235636,47349.85963616609,42173.04336136378,300348.78622603376,634.3182187527028,8.233851002290562,6,3.572849018940585,Excellent,Very High,Competitive,634.3182187527028,0.7520933333333333,2025-07-31 10:44:16.389976,2025,7
BR_0103,New York,40.64459656168007,-74.12344898824931,1966.4566750038373,64437.3503300653,34.56221328789063,8136,6689,7034,11354,443001.49777573155,53308.73698661918,40382.418054069254,349310.3427350431,655.259085996958,8.310110552552157,4,2.876219274639951,Excellent,Very High,Competitive,655.259085996958,0.82252,2025-07-31 10:44:16.389976,2025,7
BR_0104,Houston,29.716541279374272,-95.25316972527632,4402.07417018084,108784.81865913328,57.23701600470485,12060,2785,3456,5313,128086.0317439289,146616.4405579308,20574.487694200347,-39104.89650820223,-26.671563133979635,0.8736130222266568,7,3.240763178992127,Poor,Low,Competitive,-26.671563133979635,0.08650862000066518,2025-07-31 10:44:16.389976,2025,7
BR_0105,New York,40.515885271402645,-74.02782511637429,3071.2176277235403,46831.83209249003,60.93046509170824,12610,2881,19150,10042,349838.09862576786,46308.33444692309,26520.53103716325,277009.2331416815,598.1844012532546,7.554538568575371,4,1.2395016559903627,Excellent,Very High,Competitive,598.1844012532546,0.7717466666666667,2025-07-31 10:44:16.389976,2025,7
BR_0106,Houston,29.753350122194092,-95.32114983561738,1627.8990521177718,78022.05834142075,42.58046754531641,2479,5306,5888,7739,342590.491579169,51604.349297513414,7760.733219980068,283225.4090616755,548.8401906374254,6.638791036856983,6,2.353022076469669,Excellent,Very High,Competitive,548.8401906374254,0.76408,2025-07-31 10:44:16.389976,2025,7
BR_0107,Chicago,41.94269178257939,-87.4923690486821,1557.0397363605105,71578.6600882583,31.826590341999935,2044,6370,6776,2790,361228.1250061937,133159.04300025754,33493.53317060588,194575.5488353303,146.12266989253894,2.7127569924447044,1,1.239963138957137,Excellent,Very High,Competitive,146.12266989253894,0.9382666666666667,2025-07-31 10:44:16.389976,2025,7
BR_0108,Phoenix,33.49835269850954,-111.84513179312023,2187.8085810628204,46110.38202291696,60.46416860961867,7296,1959,8619,5438,422392.0530050934,153382.51659824536,39618.72021386029,229390.81619298778,149.55473497271586,2.753847455192461,0,2.139154591080832,Excellent,Very High,Low Competition,149.55473497271586,0.9194533333333332,2025-07-31 10:44:16.389976,2025,7
BR_0109,Philadelphia,39.99129652988545,-75.02843426685298,3436.7766534673983,51124.06209484756,49.75792772030886,5529,6757,13327,3027,79077.50592983876,32460.81162523073,21713.385544256333,24903.3087603517,76.71807177179505,2.4360914583039692,2,3.26584160496629,Excellent,High,Low Competition,76.71807177179505,0.8938403854122621,2025-07-31 10:44:16.389976,2025,7
BR_0110,San Diego,32.712969546049,-117.25442679590732,835.2384570005229,62597.453785655096,54.49428309551199,7664,3319,9100,5945,403257.4447266756,181114.82056454103,47990.060892676775,174152.56326945778,96.15588758922011,2.2265292452031726,6,1.6454937891652626,Excellent,High,Competitive,96.15588758922011,0.6965660534471425,2025-07-31 10:44:16.389976,2025,7
BR_0111,Houston,29.74061953141035,-95.40777573399802,4658.562535705336,56509.96678806668,56.246816951476774,12551,4215,8954,5841,152134.11246441386,180643.41032254774,25277.884552839107,-53787.18241097299,-29.77533601415813,0.8421791428359932,7,0.6178980515407431,Poor,Low,Highly Competitive,-29.77533601415813,0.10086020475873231,2025-07-31 10:44:16.389976,2025,7
BR_0112,San Antonio,29.401201713850973,-98.48459571623467,515.4808786244357,95887.48798532799,27.883373439946936,1997,590,19217,9060,208963.13382592888,76893.72672533966,20736.64533856323,111332.76176202598,144.78783446106175,2.7175576308368328,6,3.340715994245031,Excellent,Very High,Competitive,144.78783446106175,0.7011999999999999,2025-07-31 10:44:16.389976,2025,7
BR_0113,Chicago,42.00250339481349,-87.85011604608259,4169.6188363837155,40840.59076405276,41.971875435395525,2156,4359,18180,9563,152529.08789439948,195798.3986797887,35030.76791208927,-78300.07869747849,-39.99015274151015,0.7790109057216937,0,1.3515260749575757,Poor,Low,Competitive,-39.99015274151015,0.2933049691915874,2025-07-31 10:44:16.389976,2025,7
BR_0114,New York,40.75838877720816,-73.78949976550989,305.5609948150177,117321.54609552262,56.94856766618298,5099,7849,12833,7323,386632.9307432895,167059.7129157741,34541.53732991762,185031.68049759776,110.75781064635525,2.3143397291614938,1,1.7575107793730425,Excellent,High,Competitive,110.75781064635525,0.9301376260408908,2025-07-31 10:44:16.389976,2025,7
BR_0115,San Antonio,29.400246655315733,-98.57150138430337,2795.4505082449646,68035.48788353699,31.54735205861206,4833,7462,14167,6355,55721.700494102086,198672.6950856573,35215.47207025895,-178166.46666181416,-89.67838614410404,0.2804698475051028,2,4.408416433989407,Poor,Low,Low Competition,-89.67838614410404,0.21282666666666666,2025-07-31 10:44:16.389976,2025,7
BR_0116,San Antonio,29.507856270335836,-98.57496453560597,2356.643536643286,106569.87699565523,54.13962708646453,11870,5421,5193,6904,493101.38278602867,189042.91163699582,6942.818110865525,297115.6530381673,157.16836482538685,2.608409797098832,1,0.7454709899273534,Excellent,Very High,Competitive,157.16836482538685,0.9256133333333333,2025-07-31 10:44:16.389976,2025,7
BR_0117,Chicago,41.8767615384347,-87.57615832676049,838.3129277783992,64102.60906285145,41.536657971810456,11614,6075,13014,1986,118206.2172144531,41407.46111297241,30972.775247939753,45825.98085354095,110.67082989829646,2.854708162182411,7,2.225622510048382,Excellent,Very High,Competitive,110.67082989829646,0.7743333333333333,2025-07-31 10:44:16.389976,2025,7
BR_0118,Los Angeles,34.0312976742714,-118.32875204542093,4020.3477466258814,52343.028943456404,47.20339797209145,11262,5119,5384,4780,402706.30301842873,121989.63997310291,5235.332609431073,275481.3304358948,225.8235457507988,3.3011516642496863,6,0.2730256392071715,Excellent,Very High,Highly Competitive,225.8235457507988,0.7615866666666666,2025-07-31 10:44:16.389976,2025,7
BR_0119,Philadelphia,40.03529943891173,-75.08541973269506,3424.056231990195,99282.49592077348,58.678814859868346,7584,4265,4244,5116,339514.33096030296,161569.96082577304,14774.409396104475,163169.96073842543,100.99028303558093,2.1013456290084394,1,3.348905822052412,Excellent,High,Low Competition,100.99028303558093,0.850401844351266,2025-07-31 10:44:16.389976,2025,7
BR_0120,San Antonio,29.5407548590977,-98.5508997804991,555.6541351333476,84997.19269061318,44.23891559544495,9992,986,12439,7088,302297.04248727695,130610.34165437959,35441.0571751863,136245.64365771104,104.31459096726319,2.31449545769671,6,1.4221215286282505,Excellent,High,Competitive,104.31459096726319,0.6786543186545065,2025-07-31 10:44:16.389976,2025,7
BR_0121,New York,40.613565716012516,-73.96741156169156,3507.536676807461,98403.64274916233,64.2787676178458,3937,6688,11365,4982,105069.54079633008,153713.48113531907,15613.59196146592,-64257.532300454914,-41.8034461426886,0.6835414826356959,2,0.4064569117971054,Poor,Low,Competitive,-41.8034461426886,0.23003788906202105,2025-07-31 10:44:16.389976,2025,7
BR_0122,San Antonio,29.32168131756708,-98.30819074336658,3217.2690870703404,101780.38753681972,29.733447636935495,6738,6798,8908,7204,314496.2123879892,57283.34429838689,21300.594874352977,235912.27321524936,411.8339739146353,5.49018595614442,2,0.2283638718071175,Excellent,Very High,Competitive,411.8339739146353,0.9039733333333333,2025-07-31 10:44:16.389976,2025,7
BR_0123,Philadelphia,40.12057916850839,-75.09171064965257,4655.122922090853,101519.46488736372,27.245444136648402,12938,2191,8784,5971,266407.70033888135,101156.56986968743,47180.8982397139,118070.23222948003,116.72028063187712,2.633617378308446,5,3.1927361651878616,Excellent,Very High,Competitive,116.72028063187712,0.7225466666666667,2025-07-31 10:44:16.389976,2025,7
BR_0124,San Antonio,29.136971733704254,-98.50969049080491,3674.590320396744,100068.59641424433,31.35632670677414,9543,1515,15524,8157,480476.57948755607,37067.65286237371,7567.462451806445,435841.4641733759,1175.8000049034285,12.962152777017986,2,1.3823578503059395,Excellent,Very High,Competitive,1175.8000049034285,0.8335333333333332,2025-07-31 10:44:16.389976,2025,7
BR_0125,Houston,29.653474940604784,-95.56345187345082,4239.468237801505,57791.81670811864,31.255272176137918,12943,848,13154,7094,205664.2013757624,80158.16619203782,39733.597678172955,85772.43750555163,107.00399170817292,2.565729870654042,0,1.2602431156257885,Excellent,Very High,Competitive,107.00399170817292,0.9046399999999999,2025-07-31 10:44:16.389976,2025,7
BR_0126,Chicago,41.88479907172249,-87.5782060782296,4690.43006396215,39441.91973931202,41.751732762966455,4642,5981,19663,3673,344378.5706633335,59667.085732954525,30439.861455722446,254271.62347465652,426.1505658457534,5.771667351152882,3,4.862826115194531,Excellent,Very High,Competitive,426.1505658457534,0.8530800000000001,2025-07-31 10:44:16.389976,2025,7
BR_0127,New York,40.65206544012346,-73.8430676663382,535.3172009290655,93119.09897404861,46.80422113042799,14727,2205,9271,6876,406264.9948040082,121046.76492601028,32580.507238787715,252637.72263921023,208.71084228780074,3.3562647878473855,1,4.2499017676339435,Excellent,Very High,Low Competition,208.71084228780074,0.8827333333333334,2025-07-31 10:44:16.389976,2025,7
BR_0128,Phoenix,33.40356197809461,-111.87299907107,2117.6511537640918,90332.7447078311,46.81727477627622,1871,4343,16515,5943,73380.45989942079,162598.68489220578,14061.370196118847,-103279.59518890384,-63.518099951037534,0.45129799142021415,2,0.9070611318182499,Poor,Low,Competitive,-63.518099951037534,0.17124,2025-07-31 10:44:16.389976,2025,7
BR_0129,Philadelphia,39.98836242593239,-75.24893190793314,891.9370753007701,56716.9342957264,62.865518167984284,8842,6130,12043,6988,92368.35955656406,85141.05870659303,17709.390440893025,-10482.089590921998,-12.311439099018745,1.0848861989710186,3,4.011886522299209,Poor,Low,Competitive,-12.311439099018745,0.24279959651231947,2025-07-31 10:44:16.389976,2025,7
BR_0130,San Antonio,29.381464240379444,-98.37875542908033,3900.4980695341046,116980.51558156898,33.15065836510756,8326,2653,16271,7269,335562.0878976367,164634.97793278148,22818.67126981047,148108.43869504475,89.96170835307895,2.038218682998474,7,2.7118414495060863,Excellent,High,Competitive,89.96170835307895,0.6594394691164378,2025-07-31 10:44:16.389976,2025,7
BR_0131,Houston,29.637519958144786,-95.34852551615403,3106.018379331964,65863.56261389088,60.88745363858476,3363,4302,12766,1173,213661.9061402631,153211.16607264575,41916.9878352038,18533.752232413557,12.09686781159651,1.394558318542882,2,4.013107034675481,Average,Low,Low Competition,12.09686781159651,0.4816520236075378,2025-07-31 10:44:16.389976,2025,7
BR_0132,Chicago,41.8972520963866,-87.60567618623446,2575.5131905255275,117205.76229702949,41.71043917100398,14777,5509,13424,2658,446867.4912370898,99810.69538610765,12300.503260211572,334756.2925907706,335.3912036138006,4.4771503645819495,0,2.842802849828075,Excellent,Very High,Low Competition,335.3912036138006,0.9667866666666666,2025-07-31 10:44:16.389976,2025,7
BR_0133,New York,40.662589699590114,-73.95013090339667,1957.2329184735772,117743.87814797471,38.47362007444413,5150,7386,3993,9307,494629.5049937483,182726.80188556353,34325.05634178917,277577.64676639566,151.90855632674754,2.7069346143513218,2,1.3461777077737522,Excellent,Very High,Competitive,151.90855632674754,0.9118133333333333,2025-07-31 10:44:16.389976,2025,7
BR_0134,Houston,29.66046977677051,-95.42027749212282,3588.8686996208257,105208.14808018695,29.025499140941335,4358,1564,8262,5843,386971.8516334879,138950.82735429297,32941.7855365294,215079.23874266553,154.78802309990027,2.784955361559653,2,4.223093010115323,Excellent,Very High,Low Competition,154.78802309990027,0.8341866666666666,2025-07-31 10:44:16.389976,2025,7
BR_0135,San Antonio,29.375190521408108,-98.46386903543191,1643.1059842035415,35324.45640056951,52.266779296064804,3339,5414,19851,1613,84685.10537815731,84566.51621666811,43987.39314131039,-43868.80397982119,-51.874909766206756,1.0014023181608354,1,1.8658513176587033,Poor,Low,Competitive,-51.874909766206756,0.3007303477241253,2025-07-31 10:44:16.389976,2025,7
BR_0136,New York,40.81566826106964,-74.13767488468221,4697.693610397565,109052.38099235942,55.642591061412105,12038,5487,6685,10960,351829.54035762534,123077.11042157699,9994.526114606648,218757.9038214417,177.7405263026801,2.8586106640991233,3,2.355755528889439,Excellent,Very High,Competitive,177.7405263026801,0.8464933333333333,2025-07-31 10:44:16.389976,2025,7
BR_0137,San Diego,32.69187215393004,-117.26247379914159,4031.5362128803945,75720.95536378486,25.7200035578086,6900,703,19392,2227,368459.74684877845,195235.85650611503,42171.757324995735,131052.13301766769,67.12503295395585,1.8872544902490176,5,4.213358456553758,Excellent,Medium,Competitive,67.12503295395585,0.6107948402040193,2025-07-31 10:44:16.389976,2025,7
BR_0138,Philadelphia,39.85905612979554,-75.0566017883825,4164.03385780835,58929.301865269044,59.910153582645115,2576,5777,11732,1881,158852.22271647752,27170.70634853009,26094.558445902763,105586.95792204469,388.6058631219826,5.846451714534513,2,3.0319516730590186,Excellent,Very High,Low Competition,388.6058631219826,0.8903599999999999,2025-07-31 10:44:16.389976,2025,7
BR_0139,Chicago,41.943661039825294,-87.47702763804763,416.00722912092095,109565.35385878704,60.09047051304718,5625,3053,19802,7813,289092.43425562663,171676.63212158676,17838.06522607924,99577.73690796063,58.00308153612692,1.683935843119769,3,1.4121057098928376,Excellent,Medium,Competitive,58.00308153612692,0.6916303764679653,2025-07-31 10:44:16.389976,2025,7
BR_0140,Phoenix,33.37502120262146,-112.07039366085303,4173.730220489979,85913.1731950629,29.597319882382674,2314,7322,14045,10088,445540.5051270203,125060.16160845639,28285.08582897686,292195.257689587,233.64375507877898,3.5626093825301237,3,1.6530382801764847,Excellent,Very High,Competitive,233.64375507877898,0.8709600000000001,2025-07-31 10:44:16.389976,2025,7
BR_0141,San Antonio,29.385242589676086,-98.58208163666896,907.640909199134,49499.462482352654,62.92433280685769,7233,6416,13512,8375,109262.04731241733,65982.27819270999,40403.76508194966,2876.0040377576806,4.358752253685346,1.6559302028539093,7,1.3871106487333937,Average,Medium,Competitive,4.358752253685346,0.3671395484575692,2025-07-31 10:44:16.389976,2025,7
BR_0142,Chicago,41.88246024463725,-87.46029489595693,3207.1097537440232,41029.23837137074,35.17566323367388,6065,4043,2821,2368,174566.4385060876,195018.22090768386,19910.615319637283,-40362.39772123354,-20.696731584040016,0.8951288638240754,3,1.0608787924181255,Poor,Low,Competitive,-20.696731584040016,0.18650932957361133,2025-07-31 10:44:16.389976,2025,7
BR_0143,Phoenix,33.696846736864146,-112.14429974602699,2731.336692921656,107601.55980029286,26.979874139746663,12666,6829,7128,5983,247342.31984184598,63239.221011972804,22855.85811888424,161247.24071098893,254.97980229778716,3.9112170561844484,0,1.461328156630499,Excellent,Very High,Competitive,254.97980229778716,0.9843866666666665,2025-07-31 10:44:16.389976,2025,7
BR_0144,New York,40.62417796563906,-73.97913385733162,1791.5933997282912,78130.01479101376,59.96890098740703,7909,5766,19870,2272,173629.18648378376,94050.81322958812,23982.268034247412,55596.10521994823,59.112838380495624,1.846121054370219,3,4.5472939125271195,Excellent,Medium,Competitive,59.112838380495624,0.7521314914888663,2025-07-31 10:44:16.389976,2025,7
BR_0145,Houston,29.640581596739768,-95.26687782087662,3620.303226111803,116092.81584472845,53.85573804425153,13080,515,14916,10091,68251.43189510664,177529.60227544035,16551.240273952062,-125829.41065428578,-70.87798825745082,0.3844509930755848,5,4.021738907214693,Poor,Low,Competitive,-70.87798825745082,0.0002,2025-07-31 10:44:16.389976,2025,7
BR_0146,Phoenix,33.42728697611723,-112.17271795271512,3780.7724342612487,41035.651485326714,28.20720056327614,5966,7562,14034,8401,212863.99587703924,128890.63846149422,5455.903281248452,78517.45413429657,60.91788749867468,1.651508584470484,5,4.57510604312356,Excellent,Medium,Competitive,60.91788749867468,0.6668862876705727,2025-07-31 10:44:16.389976,2025,7
BR_0147,Houston,29.80556327016496,-95.47728990573091,3730.8081263454346,80049.2794487456,58.160709301819644,14877,6650,14507,6763,251983.8822536187,39768.66659529491,22971.59367776109,189243.6219805627,475.86111927361526,6.336241665277037,7,4.05931088654211,Excellent,Very High,Competitive,475.86111927361526,0.7819999999999999,2025-07-31 10:44:16.389976,2025,7
BR_0148,New York,40.798346000868264,-73.87726756098479,4243.461378650543,93861.89026688415,42.19724309560593,10421,2565,7513,9636,250888.782380712,164716.5595907117,42009.00681507253,44163.21597492776,26.81164303374517,1.5231545814465852,6,4.591512655621916,Good,Medium,Competitive,26.81164303374517,0.4754996648202825,2025-07-31 10:44:16.389976,2025,7
BR_0149,San Diego,32.68845722987557,-117.1685910844655,2025.5737041919272,79694.07090423252,45.46725546326047,3318,5343,2806,9333,475989.9952970958,84459.54475144563,28275.772177144936,363254.6783685052,430.0931048557276,5.635715853049855,3,0.13288091248989378,Excellent,Very High,Competitive,430.0931048557276,0.8445733333333334,2025-07-31 10:44:16.389976,2025,7
BR_0150,Chicago,41.70975618077791,-87.71038700664963,3417.891134701546,86491.23620347868,39.5837491279016,4050,7910,10172,8508,113248.83541026234,109978.19744039461,6239.1523941259475,-2968.5144242582137,-2.6991844686916906,1.029738966867868,4,4.823685294876741,Poor,Low,Competitive,-2.6991844686916906,0.2766673692806467,2025-07-31 10:44:16.389976,2025,7
